epoch,time,train/loss,metrics/accuracy_top1,metrics/accuracy_top5,val/loss,lr/pg0,lr/pg1,lr/pg2
1,508.82,2.57059,0.74203,0.93673,0.92498,0.00333177,0.00333177,0.00333177
2,993.284,1.05152,0.78919,0.94701,0.79575,0.00659912,0.00659912,0.00659912
3,1479.58,1.07832,0.75697,0.94117,0.91958,0.00980047,0.00980047,0.00980047
4,1968.89,1.19975,0.78476,0.95051,0.80233,0.009703,0.009703,0.009703
5,2428.31,1.03831,0.8046,0.95798,0.72125,0.009604,0.009604,0.009604
