epoch,time,train/loss,metrics/accuracy_top1,metrics/accuracy_top5,val/loss,lr/pg0,lr/pg1,lr/pg2
1,507.05,0.05528,0.91468,0.98776,0.3824,0.00333177,0.00333177,0.00333177
2,989.206,0.05728,0.90943,0.9859,0.40443,0.00659912,0.00659912,0.00659912
3,1472.83,0.11829,0.85977,0.97331,0.60623,0.00980047,0.00980047,0.00980047
4,1959.39,0.34959,0.85488,0.97051,0.59859,0.009703,0.009703,0.009703
5,2440.84,0.37571,0.85476,0.97086,0.59225,0.009604,0.009604,0.009604
6,2929.81,0.36583,0.86339,0.97249,0.55252,0.009505,0.009505,0.009505
